date;rate
"27-12-2013";"540,02"
"30-12-2013";"541,27"
"02-01-2014";"546,08"
"03-01-2014";"547,06"
"06-01-2014";"548,41"
"07-01-2014";"546,88"
"08-01-2014";"548,81"
"09-01-2014";"548,11"
"10-01-2014";"549,21"
"13-01-2014";"546,51"
"14-01-2014";"545,99"
"15-01-2014";"548,43"
"16-01-2014";"548,80"
"17-01-2014";"549,34"
"20-01-2014";"550,07"
"21-01-2014";"551,69"
"22-01-2014";"550,07"
"23-01-2014";"547,12"
"24-01-2014";"545,20"
"27-01-2014";"546,35"
"28-01-2014";"546,68"
"29-01-2014";"548,39"
"30-01-2014";"549,74"
"31-01-2014";"552,08"
"03-02-2014";"552,83"
"04-02-2014";"551,99"
"05-02-2014";"551,02"
"06-02-2014";"552,95"
"07-02-2014";"549,75"
"10-02-2014";"547,17"
"11-02-2014";"545,64"
"12-02-2014";"549,78"
"13-02-2014";"545,66"
"14-02-2014";"544,39"
"17-02-2014";"544,71"
"18-02-2014";"543,43"
"19-02-2014";"542,90"
"20-02-2014";"544,47"
"21-02-2014";"544,43"
"24-02-2014";"543,31"
"25-02-2014";"542,56"
"26-02-2014";"543,66"
"27-02-2014";"546,46"
"28-02-2014";"540,25"
"03-03-2014";"542,02"
"04-03-2014";"542,03"
"05-03-2014";"543,45"
"06-03-2014";"542,94"
"07-03-2014";"537,14"
"10-03-2014";"537,62"
"11-03-2014";"538,82"
"12-03-2014";"537,39"
"13-03-2014";"535,32"
"14-03-2014";"537,55"
"17-03-2014";"536,70"
"18-03-2014";"536,89"
"19-03-2014";"536,48"
"20-03-2014";"542,38"
"21-03-2014";"541,70"
"24-03-2014";"541,94"
"25-03-2014";"541,35"
"26-03-2014";"541,30"
"27-03-2014";"542,66"
"28-03-2014";"542,60"
"31-03-2014";"541,48"
"01-04-2014";"541,37"
"02-04-2014";"541,15"
"03-04-2014";"542,07"
"04-04-2014";"544,91"
"07-04-2014";"544,04"
"08-04-2014";"542,03"
"09-04-2014";"541,25"
"10-04-2014";"538,41"
"11-04-2014";"538,22"
"14-04-2014";"539,99"
"15-04-2014";"540,91"
"16-04-2014";"539,48"
"22-04-2014";"540,37"
"23-04-2014";"539,72"
"24-04-2014";"540,27"
"25-04-2014";"539,66"
"28-04-2014";"538,54"
"29-04-2014";"539,90"
"30-04-2014";"538,91"
"01-05-2014";"537,85"
"02-05-2014";"538,46"
"05-05-2014";"537,98"
"06-05-2014";"535,25"
"07-05-2014";"535,94"
"08-05-2014";"534,92"
"09-05-2014";"541,62"
"12-05-2014";"542,26"
"13-05-2014";"544,69"
"14-05-2014";"544,11"
"15-05-2014";"546,48"
"19-05-2014";"544,26"
"20-05-2014";"544,78"
"21-05-2014";"545,84"
"22-05-2014";"546,15"
"23-05-2014";"547,62"
"26-05-2014";"547,39"
"27-05-2014";"547,25"
"28-05-2014";"548,43"
"02-06-2014";"548,38"
"03-06-2014";"547,00"
"04-06-2014";"547,70"
"06-06-2014";"546,99"
"10-06-2014";"550,76"
"11-06-2014";"550,79"
"12-06-2014";"551,46"
"13-06-2014";"551,12"
"16-06-2014";"551,07"
"17-06-2014";"549,55"
"18-06-2014";"549,75"
"19-06-2014";"547,46"
"20-06-2014";"548,73"
"23-06-2014";"548,32"
"24-06-2014";"547,42"
"25-06-2014";"547,56"
"26-06-2014";"547,99"
"27-06-2014";"547,51"
"30-06-2014";"545,89"
"01-07-2014";"544,69"
"02-07-2014";"546,01"
"03-07-2014";"546,45"
"04-07-2014";"548,76"
"07-07-2014";"548,57"
"08-07-2014";"548,65"
"09-07-2014";"548,06"
"10-07-2014";"548,02"
"11-07-2014";"548,41"
"14-07-2014";"547,21"
"15-07-2014";"547,76"
"16-07-2014";"551,03"
"17-07-2014";"551,34"
"18-07-2014";"551,35"
"21-07-2014";"551,61"
"22-07-2014";"553,13"
"23-07-2014";"553,80"
"24-07-2014";"553,54"
"25-07-2014";"554,82"
"28-07-2014";"555,09"
"29-07-2014";"555,28"
"30-07-2014";"556,43"
"31-07-2014";"557,32"
"01-08-2014";"556,60"
"04-08-2014";"555,48"
"05-08-2014";"557,14"
"06-08-2014";"558,69"
"07-08-2014";"557,72"
"08-08-2014";"556,84"
"11-08-2014";"556,97"
"12-08-2014";"558,63"
"13-08-2014";"558,05"
"14-08-2014";"557,50"
"15-08-2014";"556,89"
"18-08-2014";"557,09"
"19-08-2014";"558,34"
"20-08-2014";"561,28"
"21-08-2014";"562,18"
"22-08-2014";"561,94"
"25-08-2014";"564,79"
"26-08-2014";"565,09"
"27-08-2014";"565,68"
"28-08-2014";"565,48"
"29-08-2014";"565,06"
"01-09-2014";"567,23"
"02-09-2014";"567,88"
"03-09-2014";"566,31"
"04-09-2014";"572,19"
"05-09-2014";"575,03"
"08-09-2014";"575,08"
"09-09-2014";"577,04"
"10-09-2014";"575,77"
"11-09-2014";"575,77"
"12-09-2014";"575,65"
"15-09-2014";"576,58"
"16-09-2014";"574,93"
"17-09-2014";"574,70"
"18-09-2014";"578,39"
"19-09-2014";"579,24"
"22-09-2014";"579,50"
"23-09-2014";"577,40"
"24-09-2014";"580,35"
"25-09-2014";"585,53"
"26-09-2014";"584,61"
"29-09-2014";"586,03"
"30-09-2014";"591,52"
"01-10-2014";"590,63"
"02-10-2014";"589,34"
"03-10-2014";"590,05"
"06-10-2014";"592,43"
"07-10-2014";"590,47"
"08-10-2014";"588,71"
"09-10-2014";"583,21"
"10-10-2014";"588,98"
"13-10-2014";"587,10"
"14-10-2014";"588,68"
"15-10-2014";"587,82"
"16-10-2014";"584,01"
"17-10-2014";"580,68"
"20-10-2014";"583,03"
"21-10-2014";"583,53"
"22-10-2014";"586,69"
"23-10-2014";"587,75"
"24-10-2014";"588,13"
"27-10-2014";"587,15"
"28-10-2014";"583,93"
"29-10-2014";"584,48"
"30-10-2014";"590,96"
"31-10-2014";"594,41"
"03-11-2014";"595,86"
"04-11-2014";"594,77"
"05-11-2014";"596,36"
"06-11-2014";"594,42"
"07-11-2014";"600,23"
"10-11-2014";"595,76"
"11-11-2014";"598,85"
"12-11-2014";"596,90"
"13-11-2014";"597,50"
"14-11-2014";"598,54"
"17-11-2014";"595,66"
"18-11-2014";"594,85"
"19-11-2014";"593,85"
"20-11-2014";"593,64"
"21-11-2014";"599,04"
"24-11-2014";"599,52"
"25-11-2014";"598,80"
"26-11-2014";"596,36"
"27-11-2014";"596,13"
"28-11-2014";"596,08"
"01-12-2014";"596,69"
"02-12-2014";"598,89"
"03-12-2014";"603,45"
"04-12-2014";"604,34"
"05-12-2014";"601,84"
"08-12-2014";"606,96"
"09-12-2014";"601,53"
"10-12-2014";"600,36"
"11-12-2014";"598,54"
"12-12-2014";"597,35"
"15-12-2014";"598,58"
"16-12-2014";"593,50"
"17-12-2014";"597,73"
"18-12-2014";"605,56"
"19-12-2014";"605,84"
"22-12-2014";"606,91"
"23-12-2014";"609,25"
"29-12-2014";"610,02"
"30-12-2014";"612,14"
"02-01-2015";"618,07"
"05-01-2015";"624,51"
"06-01-2015";"624,59"
"07-01-2015";"629,03"
"08-01-2015";"632,21"
"09-01-2015";"629,76"
"12-01-2015";"630,22"
"13-01-2015";"631,45"
"14-01-2015";"631,73"
"15-01-2015";"635,00"
"16-01-2015";"641,58"
"19-01-2015";"640,63"
"20-01-2015";"642,12"
"21-01-2015";"641,38"
"22-01-2015";"640,85"
"23-01-2015";"664,67"
"26-01-2015";"662,13"
"27-01-2015";"658,79"
"28-01-2015";"656,21"
"29-01-2015";"657,89"
"30-01-2015";"658,47"
"02-02-2015";"658,18"
"03-02-2015";"654,36"
"04-02-2015";"650,36"
"05-02-2015";"652,55"
"06-02-2015";"650,31"
"09-02-2015";"660,22"
"10-02-2015";"658,94"
"11-02-2015";"657,95"
"12-02-2015";"657,18"
"13-02-2015";"654,07"
"16-02-2015";"652,52"
"17-02-2015";"652,12"
"18-02-2015";"654,59"
"19-02-2015";"653,75"
"20-02-2015";"660,40"
"23-02-2015";"660,62"
"24-02-2015";"658,50"
"25-02-2015";"657,94"
"26-02-2015";"659,88"
"27-02-2015";"664,23"
"02-03-2015";"664,76"
"03-03-2015";"667,38"
"04-03-2015";"670,40"
"05-03-2015";"673,43"
"06-03-2015";"679,69"
"09-03-2015";"686,04"
"10-03-2015";"693,95"
"11-03-2015";"705,15"
"12-03-2015";"702,68"
"13-03-2015";"705,59"
"16-03-2015";"707,20"
"17-03-2015";"701,59"
"18-03-2015";"704,22"
"19-03-2015";"697,84"
"20-03-2015";"691,50"
"23-03-2015";"683,24"
"24-03-2015";"681,31"
"25-03-2015";"679,91"
"26-03-2015";"680,56"
"27-03-2015";"687,84"
"30-03-2015";"688,70"
"31-03-2015";"694,27"
"01-04-2015";"694,64"
"07-04-2015";"688,80"
"08-04-2015";"687,88"
"09-04-2015";"693,49"
"10-04-2015";"706,87"
"13-04-2015";"708,06"
"14-04-2015";"707,03"
"15-04-2015";"705,84"
"16-04-2015";"696,83"
"17-04-2015";"689,92"
"20-04-2015";"695,73"
"21-04-2015";"697,29"
"22-04-2015";"694,58"
"23-04-2015";"692,55"
"24-04-2015";"689,27"
"27-04-2015";"689,41"
"28-04-2015";"682,78"
"29-04-2015";"678,23"
"30-04-2015";"665,46"
"04-05-2015";"669,35"
"05-05-2015";"671,47"
"06-05-2015";"664,72"
"07-05-2015";"660,21"
"08-05-2015";"665,17"
"11-05-2015";"669,79"
"12-05-2015";"664,03"
"13-05-2015";"665,09"
"18-05-2015";"655,37"
"19-05-2015";"667,17"
"20-05-2015";"670,97"
"21-05-2015";"669,87"
"22-05-2015";"667,92"
"26-05-2015";"682,31"
"27-05-2015";"686,41"
"28-05-2015";"684,64"
"29-05-2015";"680,01"
"01-06-2015";"681,54"
"02-06-2015";"676,31"
"03-06-2015";"669,99"
"04-06-2015";"659,18"
"08-06-2015";"668,36"
"09-06-2015";"663,20"
"10-06-2015";"661,54"
"11-06-2015";"664,30"
"12-06-2015";"665,00"
"15-06-2015";"664,98"
"16-06-2015";"664,94"
"17-06-2015";"661,18"
"18-06-2015";"654,20"
"19-06-2015";"660,33"
"22-06-2015";"657,69"
"23-06-2015";"666,06"
"24-06-2015";"665,47"
"25-06-2015";"665,70"
"26-06-2015";"666,02"
"29-06-2015";"670,12"
"30-06-2015";"666,76"
"01-07-2015";"672,14"
"02-07-2015";"674,17"
"03-07-2015";"672,38"
"06-07-2015";"677,78"
"07-07-2015";"682,59"
"08-07-2015";"676,90"
"09-07-2015";"675,07"
"10-07-2015";"667,21"
"13-07-2015";"675,39"
"14-07-2015";"676,50"
"15-07-2015";"677,89"
"16-07-2015";"686,64"
"17-07-2015";"685,29"
"20-07-2015";"687,57"
"21-07-2015";"686,65"
"22-07-2015";"684,42"
"23-07-2015";"678,37"
"24-07-2015";"682,10"
"27-07-2015";"674,76"
"28-07-2015";"676,78"
"29-07-2015";"676,46"
"30-07-2015";"681,05"
"31-07-2015";"680,36"
"03-08-2015";"681,35"
"04-08-2015";"680,00"
"05-08-2015";"685,63"
"06-08-2015";"685,48"
"07-08-2015";"682,02"
"10-08-2015";"680,83"
"11-08-2015";"675,02"
"12-08-2015";"668,97"
"13-08-2015";"671,81"
"14-08-2015";"668,10"
"17-08-2015";"672,37"
"18-08-2015";"674,80"
"19-08-2015";"675,96"
"20-08-2015";"667,33"
"21-08-2015";"661,55"
"24-08-2015";"649,15"
"25-08-2015";"648,66"
"26-08-2015";"654,60"
"27-08-2015";"661,35"
"28-08-2015";"662,32"
"31-08-2015";"665,44"
"01-09-2015";"664,24"
"02-09-2015";"663,10"
"03-09-2015";"664,48"
"04-09-2015";"669,82"
"07-09-2015";"669,42"
"08-09-2015";"668,47"
"09-09-2015";"669,82"
"10-09-2015";"667,06"
"11-09-2015";"662,12"
"14-09-2015";"659,92"
"15-09-2015";"659,09"
"16-09-2015";"664,50"
"17-09-2015";"659,64"
"18-09-2015";"653,40"
"21-09-2015";"663,18"
"22-09-2015";"668,78"
"23-09-2015";"669,05"
"24-09-2015";"663,75"
"25-09-2015";"668,97"
"28-09-2015";"667,83"
"29-09-2015";"665,90"
"30-09-2015";"665,88"
"01-10-2015";"668,92"
"02-10-2015";"668,44"
"05-10-2015";"663,98"
"06-10-2015";"664,75"
"07-10-2015";"662,30"
"08-10-2015";"662,97"
"09-10-2015";"656,57"
"12-10-2015";"655,97"
"13-10-2015";"655,95"
"14-10-2015";"653,92"
"15-10-2015";"652,26"
"16-10-2015";"656,66"
"19-10-2015";"658,18"
"20-10-2015";"655,91"
"21-10-2015";"657,00"
"22-10-2015";"659,38"
"23-10-2015";"673,02"
"26-10-2015";"677,53"
"27-10-2015";"674,44"
"28-10-2015";"672,97"
"29-10-2015";"682,31"
"30-10-2015";"676,94"
"02-11-2015";"676,08"
"03-11-2015";"679,55"
"04-11-2015";"682,16"
"05-11-2015";"685,40"
"06-11-2015";"686,67"
"09-11-2015";"692,28"
"10-11-2015";"696,49"
"11-11-2015";"696,19"
"12-11-2015";"695,52"
"13-11-2015";"693,11"
"16-11-2015";"695,79"
"17-11-2015";"699,28"
"18-11-2015";"699,49"
"19-11-2015";"698,07"
"20-11-2015";"698,00"
"23-11-2015";"701,78"
"24-11-2015";"700,45"
"25-11-2015";"704,76"
"26-11-2015";"703,00"
"27-11-2015";"705,15"
"30-11-2015";"705,21"
"01-12-2015";"703,79"
"02-12-2015";"702,90"
"03-12-2015";"698,94"
"04-12-2015";"684,31"
"07-12-2015";"690,23"
"08-12-2015";"686,04"
"09-12-2015";"681,92"
"10-12-2015";"681,80"
"11-12-2015";"681,36"
"14-12-2015";"679,32"
"15-12-2015";"678,93"
"16-12-2015";"682,49"
"17-12-2015";"688,24"
"18-12-2015";"688,57"
"21-12-2015";"686,38"
"22-12-2015";"681,29"
"23-12-2015";"683,56"
"28-12-2015";"680,82"
"29-12-2015";"681,42"
"30-12-2015";"683,00"
"04-01-2016";"684,71"
"05-01-2016";"694,26"
"06-01-2016";"694,50"
"07-01-2016";"686,38"
"08-01-2016";"686,84"
"11-01-2016";"685,19"
"12-01-2016";"688,56"
"13-01-2016";"689,85"
"14-01-2016";"685,06"
"15-01-2016";"683,81"
"18-01-2016";"685,21"
"19-01-2016";"686,68"
"20-01-2016";"684,31"
"21-01-2016";"685,12"
"22-01-2016";"690,42"
"25-01-2016";"690,00"
"26-01-2016";"688,59"
"27-01-2016";"685,39"
"28-01-2016";"684,45"
"29-01-2016";"683,41"
"01-02-2016";"685,64"
"02-02-2016";"683,47"
"03-02-2016";"682,55"
"04-02-2016";"665,97"
"05-02-2016";"666,21"
"08-02-2016";"672,29"
"09-02-2016";"664,25"
"10-02-2016";"663,04"
"11-02-2016";"657,78"
"12-02-2016";"662,01"
"15-02-2016";"667,60"
"16-02-2016";"668,49"
"17-02-2016";"670,30"
"18-02-2016";"673,36"
"19-02-2016";"672,54"
"22-02-2016";"676,76"
"23-02-2016";"678,22"
"24-02-2016";"679,55"
"25-02-2016";"676,68"
"26-02-2016";"677,81"
"29-02-2016";"685,18"
"01-03-2016";"686,08"
"02-03-2016";"686,99"
"03-03-2016";"684,02"
"04-03-2016";"680,12"
"07-03-2016";"681,14"
"08-03-2016";"676,59"
"09-03-2016";"679,98"
"10-03-2016";"686,99"
"11-03-2016";"672,66"
"14-03-2016";"670,79"
"15-03-2016";"671,32"
"16-03-2016";"673,94"
"17-03-2016";"659,12"
"18-03-2016";"660,89"
"21-03-2016";"661,38"
"22-03-2016";"664,83"
"23-03-2016";"667,28"
"29-03-2016";"665,97"
"30-03-2016";"658,17"
"31-03-2016";"654,48"
"01-04-2016";"651,71"
"04-04-2016";"654,30"
"05-04-2016";"654,71"
"06-04-2016";"656,42"
"07-04-2016";"654,85"
"08-04-2016";"654,92"
"11-04-2016";"653,42"
"12-04-2016";"653,16"
"13-04-2016";"658,78"
"14-04-2016";"661,35"
"15-04-2016";"659,46"
"18-04-2016";"658,21"
"19-04-2016";"656,11"
"20-04-2016";"654,10"
"21-04-2016";"655,31"
"25-04-2016";"660,67"
"26-04-2016";"659,32"
"27-04-2016";"658,48"
"28-04-2016";"655,33"
"29-04-2016";"652,81"
"02-05-2016";"647,47"
"03-05-2016";"643,31"
"04-05-2016";"646,71"
"09-05-2016";"652,86"
"10-05-2016";"654,03"
"11-05-2016";"652,20"
"12-05-2016";"653,32"
"13-05-2016";"655,60"
"17-05-2016";"657,24"
"18-05-2016";"659,39"
"19-05-2016";"664,16"
"20-05-2016";"662,89"
"23-05-2016";"663,14"
"24-05-2016";"665,88"
"25-05-2016";"667,23"
"26-05-2016";"665,89"
"27-05-2016";"665,89"
"30-05-2016";"667,65"
"31-05-2016";"666,81"
"01-06-2016";"665,70"
"02-06-2016";"664,85"
"03-06-2016";"666,86"
"06-06-2016";"655,36"
"07-06-2016";"655,30"
"08-06-2016";"653,58"
"09-06-2016";"655,58"
"10-06-2016";"657,78"
"13-06-2016";"659,89"
"14-06-2016";"662,43"
"15-06-2016";"662,12"
"16-06-2016";"665,43"
"17-06-2016";"660,76"
"20-06-2016";"656,19"
"21-06-2016";"657,22"
"22-06-2016";"659,26"
"23-06-2016";"653,23"
"24-06-2016";"672,07"
"27-06-2016";"676,21"
"28-06-2016";"671,78"
"29-06-2016";"670,66"
"30-06-2016";"670,09"
"01-07-2016";"667,98"
"04-07-2016";"668,07"
"05-07-2016";"667,50"
"06-07-2016";"672,25"
"07-07-2016";"671,58"
"08-07-2016";"672,20"
"11-07-2016";"673,11"
"12-07-2016";"670,56"
"13-07-2016";"671,77"
"14-07-2016";"666,65"
"15-07-2016";"668,36"
"18-07-2016";"673,00"
"19-07-2016";"674,12"
"20-07-2016";"675,42"
"21-07-2016";"675,35"
"22-07-2016";"675,41"
"25-07-2016";"677,41"
"26-07-2016";"676,48"
"27-07-2016";"676,84"
"28-07-2016";"670,86"
"29-07-2016";"669,25"
"01-08-2016";"666,33"
"02-08-2016";"664,61"
"03-08-2016";"664,17"
"04-08-2016";"667,95"
"05-08-2016";"666,66"
"08-08-2016";"670,77"
"09-08-2016";"671,30"
"10-08-2016";"665,09"
"11-08-2016";"666,96"
"12-08-2016";"666,77"
"15-08-2016";"665,52"
"16-08-2016";"658,67"
"17-08-2016";"659,92"
"18-08-2016";"657,34"
"19-08-2016";"657,05"
"22-08-2016";"658,24"
"23-08-2016";"656,35"
"24-08-2016";"660,56"
"25-08-2016";"659,35"
"26-08-2016";"659,54"
"29-08-2016";"666,53"
"30-08-2016";"666,62"
"31-08-2016";"668,63"
"01-09-2016";"667,67"
"02-09-2016";"664,73"
"05-09-2016";"666,97"
"06-09-2016";"666,86"
"07-09-2016";"662,46"
"08-09-2016";"658,90"
"09-09-2016";"660,53"
"12-09-2016";"663,05"
"13-09-2016";"661,84"
"14-09-2016";"663,59"
"15-09-2016";"661,66"
"16-09-2016";"663,38"
"19-09-2016";"667,29"
"20-09-2016";"666,31"
"21-09-2016";"668,57"
"22-09-2016";"663,31"
"23-09-2016";"664,81"
"26-09-2016";"661,86"
"27-09-2016";"664,00"
"28-09-2016";"663,80"
"29-09-2016";"664,14"
"30-09-2016";"667,62"
"03-10-2016";"662,72"
"04-10-2016";"666,77"
"05-10-2016";"663,79"
"06-10-2016";"665,29"
"07-10-2016";"667,91"
"10-10-2016";"666,75"
"11-10-2016";"671,65"
"12-10-2016";"675,13"
"13-10-2016";"673,99"
"14-10-2016";"676,22"
"17-10-2016";"676,73"
"18-10-2016";"676,86"
"19-10-2016";"677,74"
"20-10-2016";"677,62"
"21-10-2016";"683,29"
"24-10-2016";"683,08"
"25-10-2016";"684,21"
"26-10-2016";"680,87"
"27-10-2016";"680,66"
"28-10-2016";"681,03"
"31-10-2016";"679,64"
"01-11-2016";"674,73"
"02-11-2016";"670,53"
"03-11-2016";"672,51"
"04-11-2016";"670,80"
"07-11-2016";"672,65"
"08-11-2016";"674,20"
"09-11-2016";"675,17"
"10-11-2016";"683,01"
"11-11-2016";"682,53"
"14-11-2016";"690,59"
"15-11-2016";"691,44"
"16-11-2016";"695,40"
"17-11-2016";"694,40"
"18-11-2016";"699,96"
"21-11-2016";"699,92"
"22-11-2016";"700,75"
"23-11-2016";"701,74"
"24-11-2016";"705,09"
"25-11-2016";"702,23"
"28-11-2016";"702,58"
"29-11-2016";"703,39"
"30-11-2016";"699,61"
"01-12-2016";"700,11"
"02-12-2016";"699,10"
"05-12-2016";"695,16"
"06-12-2016";"692,98"
"07-12-2016";"693,18"
"08-12-2016";"691,23"
"09-12-2016";"704,32"
"12-12-2016";"701,88"
"13-12-2016";"700,94"
"14-12-2016";"698,60"
"15-12-2016";"713,60"
"16-12-2016";"712,14"
"19-12-2016";"713,33"
"20-12-2016";"717,32"
"21-12-2016";"713,39"
"22-12-2016";"711,82"
"23-12-2016";"711,68"
"27-12-2016";"711,84"
"28-12-2016";"714,84"
"29-12-2016";"711,16"
"30-12-2016";"705,28"
"02-01-2017";"710,45"
"03-01-2017";"715,85"
"04-01-2017";"712,30"
"05-01-2017";"707,94"
"06-01-2017";"702,08"
"09-01-2017";"706,91"
"10-01-2017";"703,50"
"11-01-2017";"707,78"
"12-01-2017";"696,15"
"13-01-2017";"697,40"
"16-01-2017";"701,92"
"17-01-2017";"696,03"
"18-01-2017";"697,31"
"19-01-2017";"697,04"
"20-01-2017";"699,39"
"23-01-2017";"694,00"
"24-01-2017";"691,86"
"25-01-2017";"692,23"
"26-01-2017";"695,02"
"27-01-2017";"696,27"
"30-01-2017";"699,67"
"31-01-2017";"691,52"
"01-02-2017";"689,25"
"02-02-2017";"688,18"
"03-02-2017";"692,45"
"06-02-2017";"694,29"
"07-02-2017";"696,52"
"08-02-2017";"697,07"
"09-02-2017";"695,35"
"10-02-2017";"699,44"
"13-02-2017";"699,59"
"14-02-2017";"699,98"
"15-02-2017";"704,36"
"16-02-2017";"697,91"
"17-02-2017";"697,97"
"20-02-2017";"700,20"
"21-02-2017";"705,45"
"22-02-2017";"707,05"
"23-02-2017";"703,06"
"24-02-2017";"700,76"
"27-02-2017";"702,10"
"28-02-2017";"701,44"
"01-03-2017";"705,72"
"02-03-2017";"707,02"
"03-03-2017";"703,62"
"06-03-2017";"701,82"
"07-03-2017";"702,91"
"08-03-2017";"704,20"
"09-03-2017";"704,55"
"10-03-2017";"700,84"
"13-03-2017";"697,18"
"14-03-2017";"699,26"
"15-03-2017";"699,86"
"16-03-2017";"693,11"
"17-03-2017";"692,40"
"20-03-2017";"691,46"
"21-03-2017";"688,33"
"22-03-2017";"688,18"
"23-03-2017";"689,38"
"24-03-2017";"688,37"
"27-03-2017";"683,30"
"28-03-2017";"685,20"
"29-03-2017";"692,33"
"30-03-2017";"692,80"
"31-03-2017";"695,72"
"03-04-2017";"697,63"
"04-04-2017";"698,29"
"05-04-2017";"696,33"
"06-04-2017";"697,07"
"07-04-2017";"699,56"
"10-04-2017";"703,00"
"11-04-2017";"700,57"
"12-04-2017";"701,26"
"18-04-2017";"696,32"
"19-04-2017";"693,59"
"20-04-2017";"692,24"
"21-04-2017";"695,17"
"24-04-2017";"685,75"
"25-04-2017";"683,10"
"26-04-2017";"682,96"
"27-04-2017";"683,64"
"28-04-2017";"680,54"
"02-05-2017";"681,36"
"03-05-2017";"681,12"
"04-05-2017";"680,56"
"05-05-2017";"678,49"
"08-05-2017";"680,08"
"09-05-2017";"683,28"
"10-05-2017";"683,78"
"11-05-2017";"685,09"
"15-05-2017";"678,04"
"16-05-2017";"672,70"
"17-05-2017";"669,27"
"18-05-2017";"668,65"
"19-05-2017";"665,63"
"22-05-2017";"662,03"
"23-05-2017";"663,75"
"24-05-2017";"664,84"
"29-05-2017";"665,04"
"30-05-2017";"665,86"
"31-05-2017";"663,02"
"01-06-2017";"663,11"
"02-06-2017";"663,21"
"06-06-2017";"660,72"
"07-06-2017";"663,16"
"08-06-2017";"662,42"
"09-06-2017";"665,52"
"12-06-2017";"662,75"
"13-06-2017";"662,97"
"14-06-2017";"663,78"
"15-06-2017";"665,95"
"16-06-2017";"665,90"
"19-06-2017";"664,09"
"20-06-2017";"666,71"
"21-06-2017";"667,47"
"22-06-2017";"666,02"
"23-06-2017";"665,64"
"26-06-2017";"664,74"
"27-06-2017";"659,31"
"28-06-2017";"653,77"
"29-06-2017";"651,60"
"30-06-2017";"651,65"
"03-07-2017";"654,11"
"04-07-2017";"655,04"
"05-07-2017";"656,45"
"06-07-2017";"653,22"
"07-07-2017";"651,69"
"10-07-2017";"653,08"
"11-07-2017";"652,04"
"12-07-2017";"649,57"
"13-07-2017";"651,37"
"14-07-2017";"651,47"
"17-07-2017";"648,80"
"18-07-2017";"643,63"
"19-07-2017";"644,84"
"20-07-2017";"647,51"
"21-07-2017";"638,79"
"24-07-2017";"638,40"
"25-07-2017";"635,89"
"26-07-2017";"638,68"
"27-07-2017";"635,90"
"28-07-2017";"634,02"
"31-07-2017";"634,13"
"01-08-2017";"629,61"
"02-08-2017";"628,83"
"03-08-2017";"627,16"
"04-08-2017";"626,79"
"07-08-2017";"630,53"
"08-08-2017";"629,64"
"09-08-2017";"634,15"
"10-08-2017";"634,00"
"11-08-2017";"632,13"
"14-08-2017";"630,38"
"15-08-2017";"633,27"
"16-08-2017";"635,07"
"17-08-2017";"635,67"
"18-08-2017";"633,42"
"21-08-2017";"632,37"
"22-08-2017";"631,87"
"23-08-2017";"630,33"
"24-08-2017";"630,01"
"25-08-2017";"630,01"
"28-08-2017";"623,84"
"29-08-2017";"617,47"
"30-08-2017";"624,30"
"31-08-2017";"629,04"
"01-09-2017";"623,98"
"04-09-2017";"624,70"
"05-09-2017";"625,58"
"06-09-2017";"623,53"
"07-09-2017";"621,44"
"08-09-2017";"616,93"
"11-09-2017";"620,13"
"12-09-2017";"623,48"
"13-09-2017";"621,12"
"14-09-2017";"625,99"
"15-09-2017";"621,99"
"18-09-2017";"622,83"
"19-09-2017";"621,57"
"20-09-2017";"619,74"
"21-09-2017";"625,01"
"22-09-2017";"622,08"
"25-09-2017";"626,97"
"26-09-2017";"631,24"
"27-09-2017";"633,80"
"28-09-2017";"631,70"
"29-09-2017";"630,38"
"02-10-2017";"633,67"
"03-10-2017";"633,23"
"04-10-2017";"631,43"
"05-10-2017";"633,83"
"06-10-2017";"635,75"
"09-10-2017";"633,66"
"10-10-2017";"630,91"
"11-10-2017";"629,16"
"12-10-2017";"627,85"
"13-10-2017";"630,31"
"16-10-2017";"630,68"
"17-10-2017";"633,04"
"18-10-2017";"633,57"
"19-10-2017";"629,03"
"20-10-2017";"629,87"
"23-10-2017";"634,05"
"24-10-2017";"632,88"
"25-10-2017";"631,56"
"26-10-2017";"633,30"
"27-10-2017";"641,16"
"30-10-2017";"640,80"
"31-10-2017";"639,39"
"01-11-2017";"640,85"
"02-11-2017";"639,06"
"03-11-2017";"638,42"
"06-11-2017";"642,10"
"07-11-2017";"643,69"
"08-11-2017";"642,23"
"09-11-2017";"639,91"
"10-11-2017";"638,58"
"13-11-2017";"638,44"
"14-11-2017";"633,58"
"15-11-2017";"628,60"
"16-11-2017";"632,21"
"17-11-2017";"630,86"
"20-11-2017";"631,64"
"21-11-2017";"635,04"
"22-11-2017";"633,42"
"23-11-2017";"628,12"
"24-11-2017";"626,60"
"27-11-2017";"622,69"
"28-11-2017";"626,03"
"29-11-2017";"629,26"
"30-11-2017";"628,04"
"01-12-2017";"626,17"
"04-12-2017";"627,21"
"05-12-2017";"628,13"
"06-12-2017";"629,78"
"07-12-2017";"631,38"
"08-12-2017";"633,77"
"11-12-2017";"631,00"
"12-12-2017";"632,53"
"13-12-2017";"634,21"
"14-12-2017";"628,39"
"15-12-2017";"630,55"
"18-12-2017";"631,11"
"19-12-2017";"629,58"
"20-12-2017";"628,48"
"21-12-2017";"627,77"
"22-12-2017";"628,05"
"27-12-2017";"625,89"
"28-12-2017";"623,89"
"29-12-2017";"620,77"
"02-01-2018";"616,97"
"03-01-2018";"619,16"
"04-01-2018";"617,07"
"05-01-2018";"618,17"
"08-01-2018";"621,96"
"09-01-2018";"624,11"
"10-01-2018";"620,99"
"11-01-2018";"619,74"
"12-01-2018";"613,72"
"15-01-2018";"606,79"
"16-01-2018";"609,09"
"17-01-2018";"610,25"
"18-01-2018";"608,70"
"19-01-2018";"607,54"
"22-01-2018";"608,24"
"23-01-2018";"607,68"
"24-01-2018";"602,74"
"25-01-2018";"600,02"
"26-01-2018";"598,49"
"29-01-2018";"601,24"
"30-01-2018";"599,11"
"31-01-2018";"597,41"
"01-02-2018";"597,38"
"02-02-2018";"595,81"
"05-02-2018";"598,34"
"06-02-2018";"603,69"
"07-02-2018";"603,26"
"08-02-2018";"607,43"
"09-02-2018";"606,51"
"12-02-2018";"607,18"
"13-02-2018";"603,97"
"14-02-2018";"603,24"
"15-02-2018";"596,28"
"16-02-2018";"597,57"
"19-02-2018";"600,16"
"20-02-2018";"603,51"
"21-02-2018";"604,82"
"22-02-2018";"606,57"
"23-02-2018";"605,49"
"26-02-2018";"604,38"
"27-02-2018";"605,32"
"28-02-2018";"609,67"
"01-03-2018";"611,86"
"02-03-2018";"604,93"
"05-03-2018";"605,09"
"06-03-2018";"600,23"
"07-03-2018";"600,00"
"08-03-2018";"599,83"
"09-03-2018";"606,09"
"12-03-2018";"605,56"
"13-03-2018";"601,76"
"14-03-2018";"602,26"
"15-03-2018";"603,57"
"16-03-2018";"605,53"
"19-03-2018";"605,12"
"20-03-2018";"606,75"
"21-03-2018";"606,27"
"22-03-2018";"604,77"
"23-03-2018";"603,26"
"26-03-2018";"600,13"
"27-03-2018";"601,88"
"28-03-2018";"601,01"
"03-04-2018";"605,23"
"04-04-2018";"606,87"
"05-04-2018";"607,44"
"06-04-2018";"608,75"
"09-04-2018";"605,24"
"10-04-2018";"602,44"
"11-04-2018";"601,17"
"12-04-2018";"604,16"
"13-04-2018";"604,59"
"16-04-2018";"602,05"
"17-04-2018";"602,69"
"18-04-2018";"601,21"
"19-04-2018";"601,50"
"20-04-2018";"605,06"
"23-04-2018";"608,57"
"24-04-2018";"609,83"
"25-04-2018";"611,32"
"26-04-2018";"612,34"
"30-04-2018";"616,78"
"02-05-2018";"620,37"
"03-05-2018";"621,22"
"04-05-2018";"622,37"
"07-05-2018";"625,83"
"08-05-2018";"627,66"
"09-05-2018";"627,12"
"14-05-2018";"621,50"
"15-05-2018";"626,88"
"16-05-2018";"632,10"
"17-05-2018";"630,93"
"18-05-2018";"632,23"
"22-05-2018";"631,49"
"23-05-2018";"636,27"
"24-05-2018";"635,20"
"25-05-2018";"637,99"
"28-05-2018";"639,59"
"29-05-2018";"643,96"
"30-05-2018";"639,89"
"31-05-2018";"636,26"
"01-06-2018";"637,94"
"04-06-2018";"634,18"
"06-06-2018";"632,69"
"07-06-2018";"629,29"
"08-06-2018";"633,62"
"11-06-2018";"631,82"
"12-06-2018";"632,02"
"13-06-2018";"633,31"
"14-06-2018";"635,12"
"15-06-2018";"642,49"
"18-06-2018";"641,52"
"19-06-2018";"646,17"
"20-06-2018";"643,68"
"21-06-2018";"645,87"
"22-06-2018";"639,82"
"25-06-2018";"636,90"
"26-06-2018";"638,37"
"27-06-2018";"641,42"
"28-06-2018";"643,26"
"29-06-2018";"639,26"
"02-07-2018";"640,12"
"03-07-2018";"638,71"
"04-07-2018";"639,98"
"05-07-2018";"636,32"
"06-07-2018";"635,69"
"09-07-2018";"632,23"
"10-07-2018";"636,35"
"11-07-2018";"635,20"
"12-07-2018";"639,51"
"13-07-2018";"640,34"
"16-07-2018";"636,08"
"17-07-2018";"636,71"
"18-07-2018";"642,01"
"19-07-2018";"643,23"
"20-07-2018";"638,56"
"23-07-2018";"635,96"
"24-07-2018";"636,46"
"25-07-2018";"637,41"
"26-07-2018";"636,03"
"27-07-2018";"640,86"
"30-07-2018";"637,56"
"31-07-2018";"634,79"
"01-08-2018";"637,09"
"02-08-2018";"641,43"
"03-08-2018";"643,13"
"06-08-2018";"645,59"
"07-08-2018";"642,30"
"08-08-2018";"643,14"
"09-08-2018";"643,20"
"10-08-2018";"650,70"
"13-08-2018";"653,65"
"14-08-2018";"653,56"
"15-08-2018";"658,72"
"16-08-2018";"655,88"
"17-08-2018";"654,71"
"20-08-2018";"653,13"
"21-08-2018";"648,44"
"22-08-2018";"642,11"
"23-08-2018";"644,18"
"24-08-2018";"643,70"
"27-08-2018";"641,12"
"28-08-2018";"636,84"
"29-08-2018";"639,55"
"30-08-2018";"637,77"
"31-08-2018";"639,93"
"03-09-2018";"642,05"
"04-09-2018";"644,75"
"05-09-2018";"643,75"
"06-09-2018";"640,94"
"07-09-2018";"642,10"
"10-09-2018";"644,53"
"11-09-2018";"644,50"
"12-09-2018";"643,88"
"13-09-2018";"641,96"
"14-09-2018";"638,17"
"17-09-2018";"639,14"
"18-09-2018";"637,79"
"19-09-2018";"639,38"
"20-09-2018";"633,80"
"21-09-2018";"634,38"
"24-09-2018";"633,63"
"25-09-2018";"633,41"
"26-09-2018";"635,46"
"27-09-2018";"637,15"
"28-09-2018";"644,13"
"01-10-2018";"642,40"
"02-10-2018";"645,94"
"03-10-2018";"645,71"
"04-10-2018";"648,30"
"05-10-2018";"648,26"
"08-10-2018";"649,93"
"09-10-2018";"652,31"
"10-10-2018";"648,70"
"11-10-2018";"644,52"
"12-10-2018";"644,57"
"15-10-2018";"644,24"
"16-10-2018";"643,90"
"17-10-2018";"647,04"
"18-10-2018";"648,47"
"19-10-2018";"650,44"
"22-10-2018";"649,06"
"23-10-2018";"649,97"
"24-10-2018";"655,05"
"25-10-2018";"653,56"
"26-10-2018";"657,62"
"29-10-2018";"655,60"
"30-10-2018";"656,12"
"31-10-2018";"659,25"
"01-11-2018";"654,82"
"02-11-2018";"653,44"
"05-11-2018";"656,08"
"06-11-2018";"652,72"
"07-11-2018";"649,41"
"08-11-2018";"652,98"
"09-11-2018";"657,45"
"12-11-2018";"662,20"
"13-11-2018";"662,58"
"14-11-2018";"660,60"
"15-11-2018";"660,08"
"16-11-2018";"657,66"
"19-11-2018";"653,06"
"20-11-2018";"653,42"
"21-11-2018";"654,02"
"22-11-2018";"654,35"
"23-11-2018";"657,31"
"26-11-2018";"656,62"
"27-11-2018";"658,70"
"28-11-2018";"661,25"
"29-11-2018";"655,33"
"30-11-2018";"656,94"
"03-12-2018";"658,51"
"04-12-2018";"654,10"
"05-12-2018";"657,30"
"06-12-2018";"657,52"
"07-12-2018";"656,42"
"10-12-2018";"653,30"
"11-12-2018";"655,95"
"12-12-2018";"657,86"
"13-12-2018";"656,47"
"14-12-2018";"661,55"
"17-12-2018";"658,31"
"18-12-2018";"656,37"
"19-12-2018";"654,77"
"20-12-2018";"652,10"
"21-12-2018";"654,20"
"27-12-2018";"656,34"
"28-12-2018";"651,94"
"02-01-2019";"655,16"
"03-01-2019";"658,05"
"04-01-2019";"654,91"
"07-01-2019";"652,47"
"08-01-2019";"652,65"
"09-01-2019";"651,78"
"10-01-2019";"647,20"
"11-01-2019";"647,21"
"14-01-2019";"650,90"
"15-01-2019";"653,34"
"16-01-2019";"655,39"
"17-01-2019";"655,05"
"18-01-2019";"654,70"
"21-01-2019";"657,09"
"22-01-2019";"657,64"
"23-01-2019";"656,88"
"24-01-2019";"658,31"
"25-01-2019";"658,06"
"28-01-2019";"653,81"
"29-01-2019";"653,56"
"30-01-2019";"653,15"
"31-01-2019";"649,87"
"01-02-2019";"650,81"
"04-02-2019";"652,28"
"05-02-2019";"653,51"
"06-02-2019";"655,19"
"07-02-2019";"657,88"
"08-02-2019";"657,80"
"11-02-2019";"659,98"
"12-02-2019";"660,61"
"13-02-2019";"660,04"
"14-02-2019";"662,18"
"15-02-2019";"662,63"
"18-02-2019";"658,72"
"19-02-2019";"660,70"
"20-02-2019";"657,86"
"21-02-2019";"657,20"
"22-02-2019";"658,90"
"25-02-2019";"657,11"
"26-02-2019";"656,77"
"27-02-2019";"655,29"
"28-02-2019";"653,57"
"01-03-2019";"655,48"
"04-03-2019";"658,16"
"05-03-2019";"658,61"
"06-03-2019";"659,96"
"07-03-2019";"661,96"
"08-03-2019";"664,77"
"11-03-2019";"663,54"
"12-03-2019";"661,66"
"13-03-2019";"660,01"
"14-03-2019";"660,68"
"15-03-2019";"660,01"
"18-03-2019";"657,51"
"19-03-2019";"657,02"
"20-03-2019";"657,25"
"21-03-2019";"655,36"
"22-03-2019";"660,25"
"25-03-2019";"659,13"
"26-03-2019";"661,18"
"27-03-2019";"663,03"
"28-03-2019";"665,51"
"29-03-2019";"664,46"
"01-04-2019";"664,30"
"02-04-2019";"666,48"
"03-04-2019";"663,91"
"04-04-2019";"665,29"
"05-04-2019";"664,52"
"08-04-2019";"663,80"
"09-04-2019";"661,97"
"10-04-2019";"661,87"
"11-04-2019";"662,71"
"12-04-2019";"659,33"
"15-04-2019";"659,76"
"16-04-2019";"660,26"
"17-04-2019";"660,58"
"23-04-2019";"663,93"
"24-04-2019";"666,13"
"25-04-2019";"671,25"
"26-04-2019";"670,56"
"29-04-2019";"669,52"
"30-04-2019";"665,41"
"02-05-2019";"665,85"
"03-05-2019";"669,27"
"06-05-2019";"666,68"
"07-05-2019";"667,47"
"08-05-2019";"666,46"
"09-05-2019";"667,02"
"10-05-2019";"664,81"
"13-05-2019";"664,01"
"14-05-2019";"665,34"
"15-05-2019";"667,93"
"16-05-2019";"666,59"
"20-05-2019";"668,77"
"21-05-2019";"669,16"
"22-05-2019";"668,52"
"23-05-2019";"670,47"
"24-05-2019";"667,54"
"27-05-2019";"666,98"
"28-05-2019";"667,34"
"29-05-2019";"669,48"
"03-06-2019";"667,68"
"04-06-2019";"664,17"
"06-06-2019";"662,94"
"07-06-2019";"662,47"
"11-06-2019";"659,78"
"12-06-2019";"659,52"
"13-06-2019";"661,51"
"14-06-2019";"662,90"
"17-06-2019";"664,71"
"18-06-2019";"667,49"
"19-06-2019";"666,29"
"20-06-2019";"660,31"
"21-06-2019";"659,75"
"24-06-2019";"655,28"
"25-06-2019";"655,55"
"26-06-2019";"657,02"
"27-06-2019";"656,47"
"28-06-2019";"655,85"
"01-07-2019";"657,74"
"02-07-2019";"660,46"
"03-07-2019";"660,95"
"04-07-2019";"661,17"
"05-07-2019";"662,83"
"08-07-2019";"665,46"
"09-07-2019";"666,08"
"10-07-2019";"665,21"
"11-07-2019";"661,70"
"12-07-2019";"663,58"
"15-07-2019";"662,61"
"16-07-2019";"665,40"
"17-07-2019";"665,80"
"18-07-2019";"665,76"
"19-07-2019";"665,08"
"22-07-2019";"665,72"
"23-07-2019";"668,21"
"24-07-2019";"670,10"
"25-07-2019";"671,60"
"26-07-2019";"670,34"
"29-07-2019";"671,54"
"30-07-2019";"669,41"
"31-07-2019";"669,66"
"01-08-2019";"676,45"
"02-08-2019";"672,25"
"05-08-2019";"667,66"
"06-08-2019";"667,24"
"07-08-2019";"666,23"
"08-08-2019";"666,76"
"09-08-2019";"666,47"
"12-08-2019";"666,72"
"13-08-2019";"665,06"
"14-08-2019";"666,86"
"15-08-2019";"668,97"
"16-08-2019";"673,44"
"19-08-2019";"671,73"
"20-08-2019";"673,17"
"21-08-2019";"671,51"
"22-08-2019";"672,72"
"23-08-2019";"673,83"
"26-08-2019";"670,78"
"27-08-2019";"671,63"
"28-08-2019";"672,90"
"29-08-2019";"673,50"
"30-08-2019";"675,63"
"02-09-2019";"679,82"
"03-09-2019";"681,78"
"04-09-2019";"676,93"
"05-09-2019";"674,52"
"06-09-2019";"676,65"
"09-09-2019";"676,14"
"10-09-2019";"675,80"
"11-09-2019";"678,06"
"12-09-2019";"680,67"
"13-09-2019";"673,02"
"16-09-2019";"676,91"
"17-09-2019";"677,23"
"18-09-2019";"675,59"
"19-09-2019";"674,73"
"20-09-2019";"676,95"
"23-09-2019";"679,69"
"24-09-2019";"678,55"
"25-09-2019";"679,73"
"26-09-2019";"682,42"
"27-09-2019";"682,77"
"30-09-2019";"685,66"
"01-10-2019";"685,03"
"02-10-2019";"683,43"
"03-10-2019";"681,73"
"04-10-2019";"680,08"
"07-10-2019";"679,33"
"08-10-2019";"679,86"
"09-10-2019";"680,18"
"10-10-2019";"677,10"
"11-10-2019";"676,34"
"14-10-2019";"677,08"
"15-10-2019";"678,65"
"16-10-2019";"677,66"
"17-10-2019";"672,25"
"18-10-2019";"670,33"
"21-10-2019";"668,65"
"22-10-2019";"671,23"
"23-10-2019";"671,64"
"24-10-2019";"671,32"
"25-10-2019";"672,58"
"28-10-2019";"673,83"
"29-10-2019";"673,33"
"30-10-2019";"672,69"
"31-10-2019";"669,79"
"01-11-2019";"670,72"
"04-11-2019";"669,59"
"05-11-2019";"672,54"
"06-11-2019";"673,70"
"07-11-2019";"674,55"
"08-11-2019";"677,24"
"11-11-2019";"676,77"
"12-11-2019";"678,37"
"13-11-2019";"678,95"
"14-11-2019";"679,46"
"15-11-2019";"677,21"
"18-11-2019";"675,58"
"19-11-2019";"674,56"
"20-11-2019";"675,75"
"21-11-2019";"673,81"
"22-11-2019";"675,77"
"25-11-2019";"678,74"
"26-11-2019";"678,04"
"27-11-2019";"678,64"
"28-11-2019";"678,92"
"29-11-2019";"680,32"
"02-12-2019";"677,78"
"03-12-2019";"674,91"
"04-12-2019";"674,26"
"05-12-2019";"673,48"
"06-12-2019";"673,54"
"09-12-2019";"674,70"
"10-12-2019";"674,65"
"11-12-2019";"674,74"
"12-12-2019";"671,02"
"13-12-2019";"668,79"
"16-12-2019";"670,47"
"17-12-2019";"669,51"
"18-12-2019";"672,24"
"19-12-2019";"672,15"
"20-12-2019";"673,34"
"23-12-2019";"674,66"
"27-12-2019";"669,81"
"30-12-2019";"667,59"
"02-01-2020";"667,55"
"03-01-2020";"670,41"
"06-01-2020";"667,61"
"07-01-2020";"668,91"
"08-01-2020";"672,34"
"09-01-2020";"672,65"
"10-01-2020";"673,80"
"13-01-2020";"671,69"
"14-01-2020";"672,34"
"15-01-2020";"670,68"
"16-01-2020";"669,08"
"17-01-2020";"672,75"
"20-01-2020";"674,12"
"21-01-2020";"672,29"
"22-01-2020";"673,96"
"23-01-2020";"673,81"
"24-01-2020";"677,21"
"27-01-2020";"677,80"
"28-01-2020";"679,04"
"29-01-2020";"679,28"
"30-01-2020";"677,57"
"31-01-2020";"676,18"
"03-02-2020";"675,30"
"04-02-2020";"676,40"
"05-02-2020";"677,93"
"06-02-2020";"679,13"
"07-02-2020";"681,23"
"10-02-2020";"682,35"
"11-02-2020";"685,45"
"12-02-2020";"684,61"
"13-02-2020";"687,60"
"14-02-2020";"689,11"
"17-02-2020";"689,44"
"18-02-2020";"690,66"
"19-02-2020";"691,60"
"20-02-2020";"692,13"
"21-02-2020";"691,62"
"24-02-2020";"690,51"
"25-02-2020";"689,12"
"26-02-2020";"686,99"
"27-02-2020";"681,55"
"28-02-2020";"680,72"
"02-03-2020";"671,91"
"03-03-2020";"672,21"
"04-03-2020";"671,70"
"05-03-2020";"667,85"
"06-03-2020";"658,94"
"09-03-2020";"652,02"
"10-03-2020";"655,96"
"11-03-2020";"659,19"
"12-03-2020";"664,83"
"13-03-2020";"673,02"
"16-03-2020";"669,81"
"17-03-2020";"680,50"
"18-03-2020";"683,48"
"19-03-2020";"691,89"
"20-03-2020";"697,59"
"23-03-2020";"692,81"
"24-03-2020";"688,64"
"25-03-2020";"689,78"
"26-03-2020";"679,89"
"27-03-2020";"679,66"
"30-03-2020";"676,70"
"31-03-2020";"681,58"
"01-04-2020";"682,53"
"02-04-2020";"684,59"
"03-04-2020";"692,53"
"06-04-2020";"691,87"
"07-04-2020";"686,04"
"08-04-2020";"686,60"
"14-04-2020";"680,68"
"15-04-2020";"684,55"
"16-04-2020";"685,33"
"17-04-2020";"686,95"
"20-04-2020";"686,78"
"21-04-2020";"688,22"
"22-04-2020";"686,38"
"23-04-2020";"692,32"
"24-04-2020";"690,53"
"27-04-2020";"687,35"
"28-04-2020";"685,58"
"29-04-2020";"687,80"
"30-04-2020";"685,77"
"04-05-2020";"681,98"
"05-05-2020";"688,11"
"06-05-2020";"690,46"
"07-05-2020";"691,88"
"11-05-2020";"689,16"
"12-05-2020";"686,84"
"13-05-2020";"685,57"
"14-05-2020";"691,00"
"15-05-2020";"690,65"
"18-05-2020";"688,22"
"19-05-2020";"680,93"
"20-05-2020";"680,46"
"25-05-2020";"683,48"
"26-05-2020";"679,34"
"27-05-2020";"678,58"
"28-05-2020";"676,69"
"29-05-2020";"669,38"
"02-06-2020";"667,09"
"03-06-2020";"665,95"
"04-06-2020";"662,73"
"08-06-2020";"660,66"
"09-06-2020";"660,24"
"10-06-2020";"655,41"
"11-06-2020";"656,94"
"12-06-2020";"659,51"
"15-06-2020";"662,57"
"16-06-2020";"659,37"
"17-06-2020";"663,82"
"18-06-2020";"664,37"
"19-06-2020";"665,07"
"22-06-2020";"664,79"
"23-06-2020";"658,57"
"24-06-2020";"660,73"
"25-06-2020";"665,48"
"26-06-2020";"664,61"
"29-06-2020";"660,50"
"30-06-2020";"665,53"
"01-07-2020";"665,43"
"02-07-2020";"660,16"
"03-07-2020";"663,90"
"06-07-2020";"657,98"
"07-07-2020";"660,07"
"08-07-2020";"660,05"
"09-07-2020";"656,88"
"10-07-2020";"660,54"
"13-07-2020";"657,15"
"14-07-2020";"654,48"
"15-07-2020";"650,69"
"16-07-2020";"652,29"
"17-07-2020";"651,50"
"20-07-2020";"650,59"
"21-07-2020";"650,61"
"22-07-2020";"642,96"
"23-07-2020";"643,35"
"24-07-2020";"641,26"
"27-07-2020";"632,96"
"28-07-2020";"635,22"
"29-07-2020";"634,77"
"30-07-2020";"633,79"
"31-07-2020";"628,31"
"03-08-2020";"635,05"
"04-08-2020";"632,91"
"05-08-2020";"628,55"
"06-08-2020";"629,06"
"07-08-2020";"630,30"
"10-08-2020";"633,16"
"11-08-2020";"632,00"
"12-08-2020";"632,67"
"13-08-2020";"629,38"
"14-08-2020";"630,41"
"17-08-2020";"628,28"
"18-08-2020";"625,45"
"19-08-2020";"623,93"
"20-08-2020";"628,28"
"21-08-2020";"632,52"
"24-08-2020";"628,30"
"25-08-2020";"629,96"
"26-08-2020";"631,43"
"27-08-2020";"630,43"
"28-08-2020";"624,75"
"31-08-2020";"623,44"
"01-09-2020";"620,96"
"02-09-2020";"627,37"
"03-09-2020";"629,82"
"04-09-2020";"628,30"
"07-09-2020";"629,32"
"08-09-2020";"631,37"
"09-09-2020";"631,98"
"10-09-2020";"627,93"
"11-09-2020";"627,65"
"14-09-2020";"626,46"
"15-09-2020";"625,60"
"16-09-2020";"626,81"
"17-09-2020";"630,63"
"18-09-2020";"628,78"
"21-09-2020";"631,27"
"22-09-2020";"633,88"
"23-09-2020";"636,58"
"24-09-2020";"639,12"
"25-09-2020";"640,06"
"28-09-2020";"638,04"
"29-09-2020";"636,31"
"30-09-2020";"635,99"
"01-10-2020";"633,26"
"02-10-2020";"634,39"
"05-10-2020";"632,22"
"06-10-2020";"630,84"
"07-10-2020";"632,29"
"08-10-2020";"632,58"
"09-10-2020";"630,96"
"12-10-2020";"630,82"
"13-10-2020";"631,48"
"14-10-2020";"633,52"
"15-10-2020";"636,25"
"16-10-2020";"633,85"
"19-10-2020";"631,40"
"20-10-2020";"630,19"
"21-10-2020";"628,01"
"22-10-2020";"629,46"
"23-10-2020";"627,59"
"26-10-2020";"629,60"
"27-10-2020";"628,85"
"28-10-2020";"634,73"
"29-10-2020";"636,21"
"30-10-2020";"636,57"
"02-11-2020";"638,99"
"03-11-2020";"636,32"
"04-11-2020";"635,32"
"05-11-2020";"628,15"
"06-11-2020";"627,57"
"09-11-2020";"626,74"
"10-11-2020";"630,46"
"11-11-2020";"632,60"
"12-11-2020";"631,49"
"13-11-2020";"630,28"
"16-11-2020";"629,59"
"17-11-2020";"626,83"
"18-11-2020";"627,87"
"19-11-2020";"629,63"
"20-11-2020";"627,91"
"23-11-2020";"625,76"
"24-11-2020";"627,26"
"25-11-2020";"625,90"
"26-11-2020";"625,38"
"27-11-2020";"624,18"
"30-11-2020";"621,14"
"01-12-2020";"622,00"
"02-12-2020";"616,92"
"03-12-2020";"612,62"
"04-12-2020";"612,13"
"07-12-2020";"613,73"
"08-12-2020";"614,46"
"09-12-2020";"614,66"
"10-12-2020";"614,30"
"11-12-2020";"613,75"
"14-12-2020";"611,91"
"15-12-2020";"613,07"
"16-12-2020";"610,51"
"17-12-2020";"607,53"
"18-12-2020";"606,84"
"21-12-2020";"611,20"
"22-12-2020";"607,90"
"23-12-2020";"611,38"
"28-12-2020";"608,57"
"29-12-2020";"606,75"
"30-12-2020";"605,76"
"04-01-2021";"604,90"
"05-01-2021";"606,20"
"06-01-2021";"602,96"
"07-01-2021";"606,00"
"08-01-2021";"607,09"
"11-01-2021";"611,46"
"12-01-2021";"611,67"
"13-01-2021";"611,47"
"14-01-2021";"613,60"
"15-01-2021";"613,65"
"18-01-2021";"616,65"
"19-01-2021";"613,20"
"20-01-2021";"614,68"
"21-01-2021";"611,90"
"22-01-2021";"611,98"
"25-01-2021";"612,29"
"26-01-2021";"612,62"
"27-01-2021";"613,98"
"28-01-2021";"615,07"
"29-01-2021";"612,80"
"01-02-2021";"615,47"
"02-02-2021";"617,51"
"03-02-2021";"618,91"
"04-02-2021";"619,93"
"05-02-2021";"620,56"
"08-02-2021";"618,42"
"09-02-2021";"614,42"
"10-02-2021";"613,28"
"11-02-2021";"612,33"
"12-02-2021";"614,15"
"15-02-2021";"613,13"
"16-02-2021";"612,43"
"17-02-2021";"616,65"
"18-02-2021";"615,38"
"19-02-2021";"612,64"
"22-02-2021";"612,92"
"23-02-2021";"612,42"
"24-02-2021";"612,25"
"25-02-2021";"608,29"
"26-02-2021";"613,49"
"01-03-2021";"616,94"
"02-03-2021";"618,23"
"03-03-2021";"617,21"
"04-03-2021";"617,92"
"05-03-2021";"622,91"
"08-03-2021";"626,68"
"09-03-2021";"625,24"
"10-03-2021";"625,34"
"11-03-2021";"621,32"
"12-03-2021";"623,20"
"15-03-2021";"623,84"
"16-03-2021";"623,51"
"17-03-2021";"624,51"
"18-03-2021";"624,24"
"19-03-2021";"625,38"
"22-03-2021";"623,51"
"23-03-2021";"625,77"
"24-03-2021";"628,84"
"25-03-2021";"630,06"
"26-03-2021";"631,14"
"29-03-2021";"631,03"
"30-03-2021";"633,41"
"31-03-2021";"634,31"
"06-04-2021";"629,69"
"07-04-2021";"625,76"
"08-04-2021";"626,44"
"09-04-2021";"625,61"
"12-04-2021";"624,74"
"13-04-2021";"625,20"
"14-04-2021";"621,63"
"15-04-2021";"621,32"
"16-04-2021";"620,46"
"19-04-2021";"617,90"
"20-04-2021";"617,09"
"21-04-2021";"619,34"
"22-04-2021";"617,35"
"23-04-2021";"616,29"
"26-04-2021";"615,32"
"27-04-2021";"615,16"
"28-04-2021";"616,07"
"29-04-2021";"613,08"
"03-05-2021";"617,44"
"04-05-2021";"618,59"
"05-05-2021";"619,41"
"06-05-2021";"616,58"
"07-05-2021";"616,64"
"10-05-2021";"611,07"
"11-05-2021";"611,01"
"12-05-2021";"613,63"
"17-05-2021";"612,39"
"18-05-2021";"608,44"
"19-05-2021";"608,91"
"20-05-2021";"609,39"
"21-05-2021";"610,12"
"25-05-2021";"606,33"
"26-05-2021";"608,06"
"27-05-2021";"609,63"
"28-05-2021";"612,47"
"31-05-2021";"609,50"
"01-06-2021";"608,31"
"02-06-2021";"610,25"
"03-06-2021";"610,20"
"04-06-2021";"613,75"
"07-06-2021";"611,49"
"08-06-2021";"610,44"
"09-06-2021";"609,81"
"10-06-2021";"610,84"
"11-06-2021";"613,29"
"14-06-2021";"613,94"
"15-06-2021";"614,16"
"16-06-2021";"613,38"
"17-06-2021";"623,01"
"18-06-2021";"625,01"
"21-06-2021";"625,38"
"22-06-2021";"625,19"
"23-06-2021";"622,22"
"24-06-2021";"623,01"
"25-06-2021";"622,28"
"28-06-2021";"624,42"
"29-06-2021";"625,53"
"30-06-2021";"625,73"
"01-07-2021";"625,72"
"02-07-2021";"628,94"
"05-07-2021";"626,66"
"06-07-2021";"628,16"
"07-07-2021";"628,53"
"08-07-2021";"628,20"
"09-07-2021";"627,15"
"12-07-2021";"627,53"
"13-07-2021";"628,00"
"14-07-2021";"629,66"
"15-07-2021";"629,82"
"16-07-2021";"630,24"
"19-07-2021";"632,13"
"20-07-2021";"631,69"
"21-07-2021";"631,88"
"22-07-2021";"631,69"
"23-07-2021";"632,12"
"26-07-2021";"630,97"
"27-07-2021";"629,73"
"28-07-2021";"629,91"
"29-07-2021";"626,43"
"30-07-2021";"625,51"
"02-08-2021";"625,79"
"03-08-2021";"625,80"
"04-08-2021";"626,99"
"05-08-2021";"627,56"
"06-08-2021";"629,89"
"09-08-2021";"632,34"
"10-08-2021";"634,47"
"11-08-2021";"634,69"
"12-08-2021";"633,54"
"13-08-2021";"632,13"
"16-08-2021";"631,73"
"17-08-2021";"631,98"
"18-08-2021";"634,38"
"19-08-2021";"635,85"
"20-08-2021";"637,20"
"23-08-2021";"634,66"
"24-08-2021";"633,48"
"25-08-2021";"633,66"
"26-08-2021";"631,99"
"27-08-2021";"632,28"
"30-08-2021";"630,12"
"31-08-2021";"628,36"
"01-09-2021";"629,27"
"02-09-2021";"627,72"
"03-09-2021";"626,36"
"06-09-2021";"626,77"
"07-09-2021";"627,00"
"08-09-2021";"628,73"
"09-09-2021";"628,16"
"10-09-2021";"628,00"
"13-09-2021";"631,26"
"14-09-2021";"629,43"
"15-09-2021";"628,90"
"16-09-2021";"632,15"
"17-09-2021";"631,24"
"20-09-2021";"634,95"
"21-09-2021";"633,50"
"22-09-2021";"633,99"
"23-09-2021";"634,76"
"24-09-2021";"634,54"
"27-09-2021";"635,66"
"28-09-2021";"636,75"
"29-09-2021";"638,06"
"30-09-2021";"642,20"
"01-10-2021";"641,14"
"04-10-2021";"639,17"
"05-10-2021";"641,09"
"06-10-2021";"644,58"
"07-10-2021";"643,48"
"08-10-2021";"643,21"
"11-10-2021";"642,92"
"12-10-2021";"643,95"
"13-10-2021";"643,55"
"14-10-2021";"641,32"
"15-10-2021";"641,29"
"18-10-2021";"641,16"
"19-10-2021";"638,40"
"20-10-2021";"640,14"
"21-10-2021";"639,39"
"22-10-2021";"639,77"
"25-10-2021";"641,20"
"26-10-2021";"640,32"
"27-10-2021";"640,39"
"28-10-2021";"641,69"
"29-10-2021";"638,81"
"01-11-2021";"642,56"
"02-11-2021";"641,20"
"03-11-2021";"642,43"
"04-11-2021";"642,90"
"05-11-2021";"645,68"
"08-11-2021";"642,40"
"09-11-2021";"642,45"
"10-11-2021";"643,50"
"11-11-2021";"648,97"
"12-11-2021";"649,63"
"15-11-2021";"649,90"
"16-11-2021";"654,18"
"17-11-2021";"657,17"
"18-11-2021";"655,46"
"19-11-2021";"659,80"
"22-11-2021";"659,41"
"23-11-2021";"660,48"
"24-11-2021";"663,64"
"25-11-2021";"662,59"
"26-11-2021";"658,62"
"29-11-2021";"659,52"
"30-11-2021";"654,48"
"01-12-2021";"657,26"
"02-12-2021";"655,81"
"03-12-2021";"658,60"
"06-12-2021";"658,83"
"07-12-2021";"660,65"
"08-12-2021";"658,13"
"09-12-2021";"657,43"
"10-12-2021";"659,65"
"13-12-2021";"659,35"
"14-12-2021";"657,55"
"15-12-2021";"660,29"
"16-12-2021";"655,98"
"17-12-2021";"656,35"
"20-12-2021";"659,66"
"21-12-2021";"658,36"
"22-12-2021";"658,01"
"23-12-2021";"657,49"
"27-12-2021";"657,37"
"28-12-2021";"656,27"
"29-12-2021";"657,92"
"30-12-2021";"656,12"
"03-01-2022";"655,06"
"04-01-2022";"659,44"
"05-01-2022";"657,16"
"06-01-2022";"657,47"
"07-01-2022";"658,35"
"10-01-2022";"657,19"
"11-01-2022";"656,35"
"12-01-2022";"654,48"
"13-01-2022";"649,12"
"14-01-2022";"650,07"
"17-01-2022";"652,61"
"18-01-2022";"654,75"
"19-01-2022";"655,96"
"20-01-2022";"656,41"
"21-01-2022";"655,90"
"24-01-2022";"658,45"
"25-01-2022";"660,61"
"26-01-2022";"659,93"
"27-01-2022";"666,92"
"28-01-2022";"668,27"
"31-01-2022";"667,08"
"01-02-2022";"660,81"
"02-02-2022";"656,92"
"03-02-2022";"659,12"
"04-02-2022";"649,27"
"07-02-2022";"650,33"
"08-02-2022";"652,50"
"09-02-2022";"650,96"
"10-02-2022";"650,44"
"11-02-2022";"651,66"
"14-02-2022";"657,57"
"15-02-2022";"655,99"
"16-02-2022";"654,33"
"17-02-2022";"654,34"
"18-02-2022";"655,12"
"21-02-2022";"656,17"
"22-02-2022";"655,90"
"23-02-2022";"655,75"
"24-02-2022";"666,53"
"25-02-2022";"663,50"
"28-02-2022";"664,38"
"01-03-2022";"666,34"
"02-03-2022";"669,79"
"03-03-2022";"671,71"
"04-03-2022";"680,70"
"07-03-2022";"682,94"
"08-03-2022";"683,45"
"09-03-2022";"677,16"
"10-03-2022";"671,25"
"11-03-2022";"677,00"
"14-03-2022";"678,88"
"15-03-2022";"677,01"
"16-03-2022";"676,84"
"17-03-2022";"673,60"
"18-03-2022";"676,08"
"21-03-2022";"674,13"
"22-03-2022";"674,91"
"23-03-2022";"677,11"
"24-03-2022";"677,69"
"25-03-2022";"676,28"
"28-03-2022";"678,40"
"29-03-2022";"671,07"
"30-03-2022";"668,62"
"31-03-2022";"670,02"
"01-04-2022";"673,07"
"04-04-2022";"675,92"
"05-04-2022";"678,07"
"06-04-2022";"680,93"
"07-04-2022";"681,37"
"08-04-2022";"684,76"
"11-04-2022";"682,34"
"12-04-2022";"684,83"
"13-04-2022";"687,02"
"19-04-2022";"688,61"
"20-04-2022";"687,03"
"21-04-2022";"683,41"
"22-04-2022";"687,82"
"25-04-2022";"692,27"
"26-04-2022";"696,96"
"27-04-2022";"703,11"
"28-04-2022";"709,79"
"29-04-2022";"706,02"
"02-05-2022";"706,87"
"03-05-2022";"704,84"
"04-05-2022";"706,57"
"05-05-2022";"704,06"
"06-05-2022";"703,88"
"09-05-2022";"704,47"
"10-05-2022";"704,81"
"11-05-2022";"704,95"
"12-05-2022";"714,96"
"16-05-2022";"714,05"
"17-05-2022";"705,95"
"18-05-2022";"707,20"
"19-05-2022";"707,11"
"20-05-2022";"703,64"
"23-05-2022";"698,12"
"24-05-2022";"694,13"
"25-05-2022";"698,25"
"30-05-2022";"691,11"
"31-05-2022";"694,43"
"01-06-2022";"694,48"
"02-06-2022";"695,76"
"03-06-2022";"693,27"
"07-06-2022";"697,76"
"08-06-2022";"692,67"
"09-06-2022";"692,46"
"10-06-2022";"703,24"
"13-06-2022";"711,59"
"14-06-2022";"711,85"
"15-06-2022";"713,18"
"16-06-2022";"715,25"
"17-06-2022";"709,36"
"20-06-2022";"707,30"
"21-06-2022";"705,15"
"22-06-2022";"707,03"
"23-06-2022";"708,93"
"24-06-2022";"706,94"
"27-06-2022";"703,82"
"28-06-2022";"704,42"
"29-06-2022";"707,35"
"30-06-2022";"716,20"
"01-07-2022";"713,58"
"04-07-2022";"711,54"
"05-07-2022";"722,99"
"06-07-2022";"731,09"
"07-07-2022";"730,89"
"08-07-2022";"732,30"
"11-07-2022";"736,92"
"12-07-2022";"740,97"
"13-07-2022";"739,21"
"14-07-2022";"743,88"
"15-07-2022";"739,93"
"18-07-2022";"734,73"
"19-07-2022";"726,69"
"20-07-2022";"729,99"
"21-07-2022";"729,93"
"22-07-2022";"730,55"
"25-07-2022";"727,33"
"26-07-2022";"735,37"
"27-07-2022";"733,31"
"28-07-2022";"735,45"
"29-07-2022";"729,93"
"01-08-2022";"727,62"
"02-08-2022";"728,01"
"03-08-2022";"730,11"
"04-08-2022";"731,02"
"05-08-2022";"727,21"
"08-08-2022";"729,53"
"09-08-2022";"727,06"
"10-08-2022";"725,68"
"11-08-2022";"719,63"
"12-08-2022";"723,33"
"15-08-2022";"729,50"
"16-08-2022";"734,06"
"17-08-2022";"731,77"
"18-08-2022";"730,88"
"19-08-2022";"739,74"
"22-08-2022";"743,63"
"23-08-2022";"749,21"
"24-08-2022";"748,75"
"25-08-2022";"745,98"
"26-08-2022";"743,27"
"29-08-2022";"744,83"
"30-08-2022";"741,24"
"31-08-2022";"743,71"
"01-09-2022";"743,42"
"02-09-2022";"744,22"
"05-09-2022";"749,64"
"06-09-2022";"749,04"
"07-09-2022";"752,30"
"08-09-2022";"742,98"
"09-09-2022";"740,02"
"12-09-2022";"732,30"
"13-09-2022";"730,87"
"14-09-2022";"744,40"
"15-09-2022";"744,26"
"16-09-2022";"747,10"
"19-09-2022";"744,47"
"20-09-2022";"744,72"
"21-09-2022";"750,70"
"22-09-2022";"752,38"
"23-09-2022";"762,41"
"26-09-2022";"770,94"
"27-09-2022";"771,11"
"28-09-2022";"777,50"
"29-09-2022";"766,18"
"30-09-2022";"762,87"
"03-10-2022";"761,63"
"04-10-2022";"751,94"
"05-10-2022";"750,26"
"06-10-2022";"754,46"
"07-10-2022";"759,22"
"10-10-2022";"767,08"
"11-10-2022";"765,09"
"12-10-2022";"766,53"
"13-10-2022";"763,78"
"14-10-2022";"765,44"
"17-10-2022";"763,72"
"18-10-2022";"756,41"
"19-10-2022";"760,79"
"20-10-2022";"758,22"
"21-10-2022";"764,46"
"24-10-2022";"755,10"
"25-10-2022";"754,36"
"26-10-2022";"742,10"
"27-10-2022";"741,13"
"28-10-2022";"747,89"
"31-10-2022";"750,90"
"01-11-2022";"748,35"
"02-11-2022";"751,22"
"03-11-2022";"763,18"
"04-11-2022";"753,84"
"07-11-2022";"744,45"
"08-11-2022";"744,08"
"09-11-2022";"740,93"
"10-11-2022";"747,25"
"11-11-2022";"721,61"
"14-11-2022";"720,83"
"15-11-2022";"714,99"
"16-11-2022";"714,43"
"17-11-2022";"720,84"
"18-11-2022";"717,59"
"21-11-2022";"725,91"
"22-11-2022";"723,93"
"23-11-2022";"720,29"
"24-11-2022";"714,19"
"25-11-2022";"716,77"
"28-11-2022";"710,76"
"29-11-2022";"717,41"
"30-11-2022";"716,71"
"01-12-2022";"711,43"
"02-12-2022";"705,76"
"05-12-2022";"702,46"
"06-12-2022";"707,30"
"07-12-2022";"706,45"
"08-12-2022";"707,12"
"09-12-2022";"704,41"
"12-12-2022";"704,21"
"13-12-2022";"705,46"
"14-12-2022";"698,58"
"15-12-2022";"700,38"
"16-12-2022";"700,43"
"19-12-2022";"701,85"
"20-12-2022";"701,84"
"21-12-2022";"699,32"
"22-12-2022";"699,40"
"23-12-2022";"700,09"
"27-12-2022";"699,98"
"28-12-2022";"698,92"
"29-12-2022";"698,33"
"30-12-2022";"697,22"
"02-01-2023";"696,19"
"03-01-2023";"705,26"
"04-01-2023";"701,71"
"05-01-2023";"701,57"
"06-01-2023";"708,29"
"09-01-2023";"695,34"
"10-01-2023";"693,60"
"11-01-2023";"692,05"
"12-01-2023";"690,54"
"13-01-2023";"687,88"
